Dataset,#TrainingRelease,Classifier,Feature Selection,Balancing,Sensitivity,Accuracy,Precision,Recall,AUC,Kappa,NPofB20
BOOKKEEPER,1,RANDOM_FOREST,NO_SELECTION,NO_SAMPLING,NO_COST_SENSITIVE,100.000,1.000,1.000,1.000,1.000,0.870
BOOKKEEPER,1,NAIVE_BAYES,NO_SELECTION,NO_SAMPLING,NO_COST_SENSITIVE,80.946,0.872,0.523,0.966,0.534,0.754
BOOKKEEPER,1,IBK,NO_SELECTION,NO_SAMPLING,NO_COST_SENSITIVE,100.000,1.000,1.000,1.000,1.000,0.901
BOOKKEEPER,2,RANDOM_FOREST,NO_SELECTION,NO_SAMPLING,NO_COST_SENSITIVE,100.000,1.000,1.000,1.000,1.000,0.894
BOOKKEEPER,2,NAIVE_BAYES,NO_SELECTION,NO_SAMPLING,NO_COST_SENSITIVE,80.703,0.872,0.515,0.954,0.527,0.449
BOOKKEEPER,2,IBK,NO_SELECTION,NO_SAMPLING,NO_COST_SENSITIVE,100.000,1.000,1.000,1.000,1.000,0.901
BOOKKEEPER,3,RANDOM_FOREST,NO_SELECTION,NO_SAMPLING,NO_COST_SENSITIVE,100.000,1.000,1.000,1.000,1.000,0.900
BOOKKEEPER,3,NAIVE_BAYES,NO_SELECTION,NO_SAMPLING,NO_COST_SENSITIVE,82.376,0.882,0.557,0.955,0.569,0.540
BOOKKEEPER,3,IBK,NO_SELECTION,NO_SAMPLING,NO_COST_SENSITIVE,100.000,1.000,1.000,1.000,1.000,0.903
BOOKKEEPER,4,RANDOM_FOREST,NO_SELECTION,NO_SAMPLING,NO_COST_SENSITIVE,100.000,1.000,1.000,1.000,1.000,0.903
BOOKKEEPER,4,NAIVE_BAYES,NO_SELECTION,NO_SAMPLING,NO_COST_SENSITIVE,83.419,0.888,0.603,0.961,0.607,0.570
BOOKKEEPER,4,IBK,NO_SELECTION,NO_SAMPLING,NO_COST_SENSITIVE,100.000,1.000,1.000,1.000,1.000,0.903
BOOKKEEPER,5,RANDOM_FOREST,NO_SELECTION,NO_SAMPLING,NO_COST_SENSITIVE,100.000,1.000,1.000,1.000,1.000,0.902
BOOKKEEPER,5,NAIVE_BAYES,NO_SELECTION,NO_SAMPLING,NO_COST_SENSITIVE,84.635,0.889,0.631,0.963,0.634,0.594
BOOKKEEPER,5,IBK,NO_SELECTION,NO_SAMPLING,NO_COST_SENSITIVE,100.000,1.000,1.000,1.000,1.000,0.905
BOOKKEEPER,1,RANDOM_FOREST,NO_SELECTION,NO_SAMPLING,SENSITIVE_THRESHOLD,66.016,1.000,0.013,0.506,0.016,0.720
BOOKKEEPER,1,NAIVE_BAYES,NO_SELECTION,NO_SAMPLING,SENSITIVE_THRESHOLD,81.033,0.884,0.517,0.741,0.534,0.422
BOOKKEEPER,1,IBK,NO_SELECTION,NO_SAMPLING,SENSITIVE_THRESHOLD,100.000,1.000,1.000,1.000,1.000,0.901
BOOKKEEPER,2,RANDOM_FOREST,NO_SELECTION,NO_SAMPLING,SENSITIVE_THRESHOLD,97.702,1.000,0.933,0.967,0.948,0.841
BOOKKEEPER,2,NAIVE_BAYES,NO_SELECTION,NO_SAMPLING,SENSITIVE_THRESHOLD,80.746,0.882,0.509,0.737,0.526,0.416
BOOKKEEPER,2,IBK,NO_SELECTION,NO_SAMPLING,SENSITIVE_THRESHOLD,100.000,1.000,1.000,1.000,1.000,0.901
BOOKKEEPER,3,RANDOM_FOREST,NO_SELECTION,NO_SAMPLING,SENSITIVE_THRESHOLD,99.871,1.000,0.996,0.998,0.997,0.899
BOOKKEEPER,3,NAIVE_BAYES,NO_SELECTION,NO_SAMPLING,SENSITIVE_THRESHOLD,82.419,0.893,0.549,0.758,0.568,0.455
BOOKKEEPER,3,IBK,NO_SELECTION,NO_SAMPLING,SENSITIVE_THRESHOLD,100.000,1.000,1.000,1.000,1.000,0.903
BOOKKEEPER,4,RANDOM_FOREST,NO_SELECTION,NO_SAMPLING,SENSITIVE_THRESHOLD,98.929,1.000,0.969,0.985,0.976,0.875
BOOKKEEPER,4,NAIVE_BAYES,NO_SELECTION,NO_SAMPLING,SENSITIVE_THRESHOLD,83.762,0.914,0.593,0.782,0.612,0.499
BOOKKEEPER,4,IBK,NO_SELECTION,NO_SAMPLING,SENSITIVE_THRESHOLD,100.000,1.000,1.000,1.000,1.000,0.903
BOOKKEEPER,5,RANDOM_FOREST,NO_SELECTION,NO_SAMPLING,SENSITIVE_THRESHOLD,98.998,1.000,0.971,0.985,0.978,0.877
BOOKKEEPER,5,NAIVE_BAYES,NO_SELECTION,NO_SAMPLING,SENSITIVE_THRESHOLD,85.052,0.913,0.624,0.796,0.641,0.529
BOOKKEEPER,5,IBK,NO_SELECTION,NO_SAMPLING,SENSITIVE_THRESHOLD,100.000,1.000,1.000,1.000,1.000,0.905
BOOKKEEPER,1,RANDOM_FOREST,NO_SELECTION,NO_SAMPLING,SENSITIVE_LEARNING,77.474,1.000,0.346,1.000,0.409,0.895
BOOKKEEPER,1,NAIVE_BAYES,NO_SELECTION,NO_SAMPLING,SENSITIVE_LEARNING,80.990,0.883,0.516,0.965,0.533,0.469
BOOKKEEPER,1,IBK,NO_SELECTION,NO_SAMPLING,SENSITIVE_LEARNING,100.000,1.000,1.000,1.000,1.000,0.901
BOOKKEEPER,2,RANDOM_FOREST,NO_SELECTION,NO_SAMPLING,SENSITIVE_LEARNING,81.006,1.000,0.448,1.000,0.516,0.899
BOOKKEEPER,2,NAIVE_BAYES,NO_SELECTION,NO_SAMPLING,SENSITIVE_LEARNING,80.703,0.882,0.508,0.944,0.525,0.435
BOOKKEEPER,2,IBK,NO_SELECTION,NO_SAMPLING,SENSITIVE_LEARNING,100.000,1.000,1.000,1.000,1.000,0.901
BOOKKEEPER,3,RANDOM_FOREST,NO_SELECTION,NO_SAMPLING,SENSITIVE_LEARNING,90.738,1.000,0.728,1.000,0.779,0.900
BOOKKEEPER,3,NAIVE_BAYES,NO_SELECTION,NO_SAMPLING,SENSITIVE_LEARNING,82.333,0.890,0.549,0.951,0.566,0.491
BOOKKEEPER,3,IBK,NO_SELECTION,NO_SAMPLING,SENSITIVE_LEARNING,100.000,1.000,1.000,1.000,1.000,0.903
BOOKKEEPER,4,RANDOM_FOREST,NO_SELECTION,NO_SAMPLING,SENSITIVE_LEARNING,93.916,1.000,0.827,1.000,0.861,0.899
BOOKKEEPER,4,NAIVE_BAYES,NO_SELECTION,NO_SAMPLING,SENSITIVE_LEARNING,82.776,0.905,0.569,0.957,0.587,0.517
BOOKKEEPER,4,IBK,NO_SELECTION,NO_SAMPLING,SENSITIVE_LEARNING,100.000,1.000,1.000,1.000,1.000,0.903
BOOKKEEPER,5,RANDOM_FOREST,NO_SELECTION,NO_SAMPLING,SENSITIVE_LEARNING,98.288,1.000,0.950,1.000,0.962,0.902
BOOKKEEPER,5,NAIVE_BAYES,NO_SELECTION,NO_SAMPLING,SENSITIVE_LEARNING,84.969,0.910,0.624,0.951,0.640,0.538
BOOKKEEPER,5,IBK,NO_SELECTION,NO_SAMPLING,SENSITIVE_LEARNING,100.000,1.000,1.000,1.000,1.000,0.905
BOOKKEEPER,1,RANDOM_FOREST,NO_SELECTION,OVERSAMPLING,NO_COST_SENSITIVE,99.219,0.989,0.989,1.000,0.983,0.841
BOOKKEEPER,1,NAIVE_BAYES,NO_SELECTION,OVERSAMPLING,NO_COST_SENSITIVE,80.773,0.863,0.525,0.960,0.530,0.510
BOOKKEEPER,1,IBK,NO_SELECTION,OVERSAMPLING,NO_COST_SENSITIVE,99.349,0.989,0.992,0.993,0.986,0.892
BOOKKEEPER,2,RANDOM_FOREST,NO_SELECTION,OVERSAMPLING,NO_COST_SENSITIVE,99.696,0.991,1.000,1.000,0.993,0.852
BOOKKEEPER,2,NAIVE_BAYES,NO_SELECTION,OVERSAMPLING,NO_COST_SENSITIVE,80.659,0.872,0.514,0.943,0.525,0.450
BOOKKEEPER,2,IBK,NO_SELECTION,OVERSAMPLING,NO_COST_SENSITIVE,99.696,0.992,0.999,0.998,0.993,0.899
BOOKKEEPER,3,RANDOM_FOREST,NO_SELECTION,OVERSAMPLING,NO_COST_SENSITIVE,99.271,0.979,1.000,1.000,0.984,0.863
BOOKKEEPER,3,NAIVE_BAYES,NO_SELECTION,OVERSAMPLING,NO_COST_SENSITIVE,83.405,0.871,0.602,0.943,0.601,0.545
BOOKKEEPER,3,IBK,NO_SELECTION,OVERSAMPLING,NO_COST_SENSITIVE,99.743,0.993,1.000,0.998,0.994,0.901
BOOKKEEPER,4,RANDOM_FOREST,NO_SELECTION,OVERSAMPLING,NO_COST_SENSITIVE,99.443,0.986,0.999,1.000,0.988,0.880
BOOKKEEPER,4,NAIVE_BAYES,NO_SELECTION,OVERSAMPLING,NO_COST_SENSITIVE,83.076,0.872,0.607,0.955,0.601,0.600
BOOKKEEPER,4,IBK,NO_SELECTION,OVERSAMPLING,NO_COST_SENSITIVE,99.743,0.994,0.999,0.999,0.994,0.902
BOOKKEEPER,5,RANDOM_FOREST,NO_SELECTION,OVERSAMPLING,NO_COST_SENSITIVE,99.541,0.989,0.998,1.000,0.990,0.886
BOOKKEEPER,5,NAIVE_BAYES,NO_SELECTION,OVERSAMPLING,NO_COST_SENSITIVE,83.758,0.905,0.589,0.960,0.607,0.615
BOOKKEEPER,5,IBK,NO_SELECTION,OVERSAMPLING,NO_COST_SENSITIVE,99.791,0.996,0.998,0.998,0.995,0.902
BOOKKEEPER,1,RANDOM_FOREST,NO_SELECTION,OVERSAMPLING,SENSITIVE_THRESHOLD,82.161,1.000,0.482,0.741,0.549,0.477
BOOKKEEPER,1,NAIVE_BAYES,NO_SELECTION,OVERSAMPLING,SENSITIVE_THRESHOLD,80.816,0.874,0.517,0.739,0.529,0.421
BOOKKEEPER,1,IBK,NO_SELECTION,OVERSAMPLING,SENSITIVE_THRESHOLD,99.349,0.989,0.992,0.993,0.986,0.892
BOOKKEEPER,2,RANDOM_FOREST,NO_SELECTION,OVERSAMPLING,SENSITIVE_THRESHOLD,88.205,1.000,0.657,0.829,0.716,0.622
BOOKKEEPER,2,NAIVE_BAYES,NO_SELECTION,OVERSAMPLING,SENSITIVE_THRESHOLD,80.876,0.886,0.510,0.738,0.529,0.418
BOOKKEEPER,2,IBK,NO_SELECTION,OVERSAMPLING,SENSITIVE_THRESHOLD,99.653,0.992,0.997,0.997,0.992,0.897
BOOKKEEPER,3,RANDOM_FOREST,NO_SELECTION,OVERSAMPLING,SENSITIVE_THRESHOLD,93.954,1.000,0.822,0.911,0.859,0.755
BOOKKEEPER,3,NAIVE_BAYES,NO_SELECTION,OVERSAMPLING,SENSITIVE_THRESHOLD,81.818,0.881,0.539,0.751,0.553,0.443
BOOKKEEPER,3,IBK,NO_SELECTION,OVERSAMPLING,SENSITIVE_THRESHOLD,99.743,0.993,1.000,0.998,0.994,0.901
BOOKKEEPER,4,RANDOM_FOREST,NO_SELECTION,OVERSAMPLING,SENSITIVE_THRESHOLD,96.615,1.000,0.904,0.952,0.924,0.818
BOOKKEEPER,4,NAIVE_BAYES,NO_SELECTION,OVERSAMPLING,SENSITIVE_THRESHOLD,83.676,0.903,0.600,0.782,0.612,0.504
BOOKKEEPER,4,IBK,NO_SELECTION,OVERSAMPLING,SENSITIVE_THRESHOLD,99.743,0.994,0.999,0.998,0.994,0.902
BOOKKEEPER,5,RANDOM_FOREST,NO_SELECTION,OVERSAMPLING,SENSITIVE_THRESHOLD,97.996,0.999,0.943,0.971,0.955,0.855
BOOKKEEPER,5,NAIVE_BAYES,NO_SELECTION,OVERSAMPLING,SENSITIVE_THRESHOLD,83.967,0.918,0.585,0.779,0.611,0.495
BOOKKEEPER,5,IBK,NO_SELECTION,OVERSAMPLING,SENSITIVE_THRESHOLD,99.791,0.996,0.998,0.998,0.995,0.902
BOOKKEEPER,1,RANDOM_FOREST,NO_SELECTION,OVERSAMPLING,SENSITIVE_LEARNING,84.679,1.000,0.555,1.000,0.620,0.876
BOOKKEEPER,1,NAIVE_BAYES,NO_SELECTION,OVERSAMPLING,SENSITIVE_LEARNING,80.816,0.874,0.517,0.960,0.529,0.428
BOOKKEEPER,1,IBK,NO_SELECTION,OVERSAMPLING,SENSITIVE_LEARNING,99.349,0.989,0.992,0.993,0.986,0.892
BOOKKEEPER,2,RANDOM_FOREST,NO_SELECTION,OVERSAMPLING,SENSITIVE_LEARNING,94.753,1.000,0.848,1.000,0.879,0.887
BOOKKEEPER,2,NAIVE_BAYES,NO_SELECTION,OVERSAMPLING,SENSITIVE_LEARNING,80.789,0.882,0.510,0.935,0.527,0.434
BOOKKEEPER,2,IBK,NO_SELECTION,OVERSAMPLING,SENSITIVE_LEARNING,99.653,0.992,0.997,0.998,0.992,0.899
BOOKKEEPER,3,RANDOM_FOREST,NO_SELECTION,OVERSAMPLING,SENSITIVE_LEARNING,93.182,1.000,0.800,1.000,0.840,0.891
BOOKKEEPER,3,NAIVE_BAYES,NO_SELECTION,OVERSAMPLING,SENSITIVE_LEARNING,81.690,0.878,0.537,0.937,0.550,0.502
BOOKKEEPER,3,IBK,NO_SELECTION,OVERSAMPLING,SENSITIVE_LEARNING,99.743,0.993,1.000,0.998,0.994,0.901
BOOKKEEPER,4,RANDOM_FOREST,NO_SELECTION,OVERSAMPLING,SENSITIVE_LEARNING,95.159,1.000,0.862,1.000,0.890,0.897
BOOKKEEPER,4,NAIVE_BAYES,NO_SELECTION,OVERSAMPLING,SENSITIVE_LEARNING,83.462,0.890,0.603,0.952,0.608,0.536
BOOKKEEPER,4,IBK,NO_SELECTION,OVERSAMPLING,SENSITIVE_LEARNING,99.743,0.994,0.999,0.999,0.994,0.902
BOOKKEEPER,5,RANDOM_FOREST,NO_SELECTION,OVERSAMPLING,SENSITIVE_LEARNING,97.161,0.999,0.918,1.000,0.936,0.899
BOOKKEEPER,5,NAIVE_BAYES,NO_SELECTION,OVERSAMPLING,SENSITIVE_LEARNING,83.883,0.914,0.585,0.953,0.609,0.543
BOOKKEEPER,5,IBK,NO_SELECTION,OVERSAMPLING,SENSITIVE_LEARNING,99.791,0.996,0.998,0.998,0.995,0.902
BOOKKEEPER,1,RANDOM_FOREST,NO_SELECTION,UNDERSAMPLING,NO_COST_SENSITIVE,99.392,0.983,1.000,1.000,0.987,0.848
BOOKKEEPER,1,NAIVE_BAYES,NO_SELECTION,UNDERSAMPLING,NO_COST_SENSITIVE,81.076,0.873,0.527,0.966,0.537,0.872
BOOKKEEPER,1,IBK,NO_SELECTION,UNDERSAMPLING,NO_COST_SENSITIVE,99.609,0.989,1.000,0.997,0.991,0.897
BOOKKEEPER,2,RANDOM_FOREST,NO_SELECTION,UNDERSAMPLING,NO_COST_SENSITIVE,99.610,0.989,1.000,1.000,0.991,0.863
BOOKKEEPER,2,NAIVE_BAYES,NO_SELECTION,UNDERSAMPLING,NO_COST_SENSITIVE,80.789,0.874,0.516,0.951,0.529,0.477
BOOKKEEPER,2,IBK,NO_SELECTION,UNDERSAMPLING,NO_COST_SENSITIVE,99.870,0.996,1.000,0.999,0.997,0.900
BOOKKEEPER,3,RANDOM_FOREST,NO_SELECTION,UNDERSAMPLING,NO_COST_SENSITIVE,99.400,0.983,1.000,1.000,0.987,0.871
BOOKKEEPER,3,NAIVE_BAYES,NO_SELECTION,UNDERSAMPLING,NO_COST_SENSITIVE,82.075,0.872,0.555,0.947,0.563,0.525
BOOKKEEPER,3,IBK,NO_SELECTION,UNDERSAMPLING,NO_COST_SENSITIVE,99.828,0.995,1.000,0.998,0.996,0.903
BOOKKEEPER,4,RANDOM_FOREST,NO_SELECTION,UNDERSAMPLING,NO_COST_SENSITIVE,99.614,0.989,1.000,1.000,0.992,0.886
BOOKKEEPER,4,NAIVE_BAYES,NO_SELECTION,UNDERSAMPLING,NO_COST_SENSITIVE,83.162,0.875,0.607,0.956,0.602,0.570
BOOKKEEPER,4,IBK,NO_SELECTION,UNDERSAMPLING,NO_COST_SENSITIVE,99.871,0.996,1.000,0.999,0.997,0.903
BOOKKEEPER,5,RANDOM_FOREST,NO_SELECTION,UNDERSAMPLING,NO_COST_SENSITIVE,99.708,0.992,1.000,1.000,0.994,0.892
BOOKKEEPER,5,NAIVE_BAYES,NO_SELECTION,UNDERSAMPLING,NO_COST_SENSITIVE,84.676,0.890,0.631,0.960,0.635,0.614
BOOKKEEPER,5,IBK,NO_SELECTION,UNDERSAMPLING,NO_COST_SENSITIVE,99.916,0.998,1.000,0.999,0.998,0.905
BOOKKEEPER,1,RANDOM_FOREST,NO_SELECTION,UNDERSAMPLING,SENSITIVE_THRESHOLD,87.891,1.000,0.648,0.824,0.707,0.632
BOOKKEEPER,1,NAIVE_BAYES,NO_SELECTION,UNDERSAMPLING,SENSITIVE_THRESHOLD,81.076,0.882,0.520,0.742,0.535,0.424
BOOKKEEPER,1,IBK,NO_SELECTION,UNDERSAMPLING,SENSITIVE_THRESHOLD,99.609,0.989,1.000,0.997,0.991,0.897
BOOKKEEPER,2,RANDOM_FOREST,NO_SELECTION,UNDERSAMPLING,SENSITIVE_THRESHOLD,99.913,1.000,0.997,0.999,0.998,0.899
BOOKKEEPER,2,NAIVE_BAYES,NO_SELECTION,UNDERSAMPLING,SENSITIVE_THRESHOLD,80.876,0.885,0.511,0.738,0.529,0.419
BOOKKEEPER,2,IBK,NO_SELECTION,UNDERSAMPLING,SENSITIVE_THRESHOLD,99.870,0.996,1.000,0.999,0.997,0.900
BOOKKEEPER,3,RANDOM_FOREST,NO_SELECTION,UNDERSAMPLING,SENSITIVE_THRESHOLD,99.914,1.000,0.997,0.999,0.998,0.900
BOOKKEEPER,3,NAIVE_BAYES,NO_SELECTION,UNDERSAMPLING,SENSITIVE_THRESHOLD,82.290,0.886,0.550,0.757,0.566,0.455
BOOKKEEPER,3,IBK,NO_SELECTION,UNDERSAMPLING,SENSITIVE_THRESHOLD,99.828,0.995,1.000,0.999,0.996,0.903
BOOKKEEPER,4,RANDOM_FOREST,NO_SELECTION,UNDERSAMPLING,SENSITIVE_THRESHOLD,98.972,1.000,0.971,0.985,0.977,0.876
BOOKKEEPER,4,NAIVE_BAYES,NO_SELECTION,UNDERSAMPLING,SENSITIVE_THRESHOLD,83.719,0.904,0.600,0.783,0.613,0.504
BOOKKEEPER,4,IBK,NO_SELECTION,UNDERSAMPLING,SENSITIVE_THRESHOLD,99.871,0.996,1.000,0.999,0.997,0.903
BOOKKEEPER,5,RANDOM_FOREST,NO_SELECTION,UNDERSAMPLING,SENSITIVE_THRESHOLD,99.207,0.999,0.978,0.989,0.982,0.884
BOOKKEEPER,5,NAIVE_BAYES,NO_SELECTION,UNDERSAMPLING,SENSITIVE_THRESHOLD,85.136,0.915,0.625,0.797,0.643,0.530
BOOKKEEPER,5,IBK,NO_SELECTION,UNDERSAMPLING,SENSITIVE_THRESHOLD,99.916,0.998,1.000,0.999,0.998,0.905
BOOKKEEPER,1,RANDOM_FOREST,NO_SELECTION,UNDERSAMPLING,SENSITIVE_LEARNING,92.622,1.000,0.786,1.000,0.828,0.881
BOOKKEEPER,1,NAIVE_BAYES,NO_SELECTION,UNDERSAMPLING,SENSITIVE_LEARNING,80.990,0.880,0.518,0.964,0.533,0.522
BOOKKEEPER,1,IBK,NO_SELECTION,UNDERSAMPLING,SENSITIVE_LEARNING,99.609,0.989,1.000,0.997,0.991,0.897
BOOKKEEPER,2,RANDOM_FOREST,NO_SELECTION,UNDERSAMPLING,SENSITIVE_LEARNING,93.495,1.000,0.811,1.000,0.849,0.891
BOOKKEEPER,2,NAIVE_BAYES,NO_SELECTION,UNDERSAMPLING,SENSITIVE_LEARNING,80.833,0.883,0.511,0.941,0.528,0.435
BOOKKEEPER,2,IBK,NO_SELECTION,UNDERSAMPLING,SENSITIVE_LEARNING,99.870,0.996,1.000,0.999,0.997,0.900
BOOKKEEPER,3,RANDOM_FOREST,NO_SELECTION,UNDERSAMPLING,SENSITIVE_LEARNING,98.328,1.000,0.951,1.000,0.962,0.896
BOOKKEEPER,3,NAIVE_BAYES,NO_SELECTION,UNDERSAMPLING,SENSITIVE_LEARNING,82.118,0.879,0.550,0.940,0.562,0.489
BOOKKEEPER,3,IBK,NO_SELECTION,UNDERSAMPLING,SENSITIVE_LEARNING,99.828,0.995,1.000,0.998,0.996,0.903
BOOKKEEPER,4,RANDOM_FOREST,NO_SELECTION,UNDERSAMPLING,SENSITIVE_LEARNING,98.843,1.000,0.967,1.000,0.974,0.901
BOOKKEEPER,4,NAIVE_BAYES,NO_SELECTION,UNDERSAMPLING,SENSITIVE_LEARNING,83.505,0.895,0.601,0.953,0.608,0.527
BOOKKEEPER,4,IBK,NO_SELECTION,UNDERSAMPLING,SENSITIVE_LEARNING,99.871,0.996,1.000,0.999,0.997,0.903
BOOKKEEPER,5,RANDOM_FOREST,NO_SELECTION,UNDERSAMPLING,SENSITIVE_LEARNING,98.998,1.000,0.971,1.000,0.978,0.902
BOOKKEEPER,5,NAIVE_BAYES,NO_SELECTION,UNDERSAMPLING,SENSITIVE_LEARNING,85.010,0.910,0.625,0.951,0.641,0.555
BOOKKEEPER,5,IBK,NO_SELECTION,UNDERSAMPLING,SENSITIVE_LEARNING,99.916,0.998,1.000,0.999,0.998,0.905
BOOKKEEPER,1,RANDOM_FOREST,NO_SELECTION,SMOTE,NO_COST_SENSITIVE,100.000,1.000,1.000,1.000,1.000,0.865
BOOKKEEPER,1,NAIVE_BAYES,NO_SELECTION,SMOTE,NO_COST_SENSITIVE,81.207,0.853,0.549,0.955,0.545,0.698
BOOKKEEPER,1,IBK,NO_SELECTION,SMOTE,NO_COST_SENSITIVE,100.000,1.000,1.000,1.000,1.000,0.901
BOOKKEEPER,2,RANDOM_FOREST,NO_SELECTION,SMOTE,NO_COST_SENSITIVE,100.000,1.000,1.000,1.000,1.000,0.889
BOOKKEEPER,2,NAIVE_BAYES,NO_SELECTION,SMOTE,NO_COST_SENSITIVE,81.266,0.854,0.550,0.957,0.547,0.595
BOOKKEEPER,2,IBK,NO_SELECTION,SMOTE,NO_COST_SENSITIVE,100.000,1.000,1.000,1.000,1.000,0.901
BOOKKEEPER,3,RANDOM_FOREST,NO_SELECTION,SMOTE,NO_COST_SENSITIVE,100.000,1.000,1.000,1.000,1.000,0.899
BOOKKEEPER,3,NAIVE_BAYES,NO_SELECTION,SMOTE,NO_COST_SENSITIVE,83.019,0.855,0.603,0.955,0.593,0.627
BOOKKEEPER,3,IBK,NO_SELECTION,SMOTE,NO_COST_SENSITIVE,100.000,1.000,1.000,1.000,1.000,0.903
BOOKKEEPER,4,RANDOM_FOREST,NO_SELECTION,SMOTE,NO_COST_SENSITIVE,100.000,1.000,1.000,1.000,1.000,0.903
BOOKKEEPER,4,NAIVE_BAYES,NO_SELECTION,SMOTE,NO_COST_SENSITIVE,83.419,0.879,0.612,0.963,0.609,0.652
BOOKKEEPER,4,IBK,NO_SELECTION,SMOTE,NO_COST_SENSITIVE,100.000,1.000,1.000,1.000,1.000,0.903
BOOKKEEPER,5,RANDOM_FOREST,NO_SELECTION,SMOTE,NO_COST_SENSITIVE,100.000,1.000,1.000,1.000,1.000,0.902
BOOKKEEPER,5,NAIVE_BAYES,NO_SELECTION,SMOTE,NO_COST_SENSITIVE,85.094,0.889,0.646,0.966,0.646,0.683
BOOKKEEPER,5,IBK,NO_SELECTION,SMOTE,NO_COST_SENSITIVE,100.000,1.000,1.000,1.000,1.000,0.905
BOOKKEEPER,1,RANDOM_FOREST,NO_SELECTION,SMOTE,SENSITIVE_THRESHOLD,82.986,1.000,0.506,0.753,0.573,0.494
BOOKKEEPER,1,NAIVE_BAYES,NO_SELECTION,SMOTE,SENSITIVE_THRESHOLD,81.076,0.871,0.528,0.744,0.538,0.430
BOOKKEEPER,1,IBK,NO_SELECTION,SMOTE,SENSITIVE_THRESHOLD,100.000,1.000,1.000,1.000,1.000,0.901
BOOKKEEPER,2,RANDOM_FOREST,NO_SELECTION,SMOTE,SENSITIVE_THRESHOLD,99.436,1.000,0.984,0.992,0.987,0.886
BOOKKEEPER,2,NAIVE_BAYES,NO_SELECTION,SMOTE,SENSITIVE_THRESHOLD,81.700,0.881,0.542,0.752,0.554,0.444
BOOKKEEPER,2,IBK,NO_SELECTION,SMOTE,SENSITIVE_THRESHOLD,100.000,1.000,1.000,1.000,1.000,0.901
BOOKKEEPER,3,RANDOM_FOREST,NO_SELECTION,SMOTE,SENSITIVE_THRESHOLD,100.000,1.000,1.000,1.000,1.000,0.903
BOOKKEEPER,3,NAIVE_BAYES,NO_SELECTION,SMOTE,SENSITIVE_THRESHOLD,83.919,0.893,0.599,0.781,0.611,0.501
BOOKKEEPER,3,IBK,NO_SELECTION,SMOTE,SENSITIVE_THRESHOLD,100.000,1.000,1.000,1.000,1.000,0.903
BOOKKEEPER,4,RANDOM_FOREST,NO_SELECTION,SMOTE,SENSITIVE_THRESHOLD,98.929,1.000,0.969,0.985,0.976,0.875
BOOKKEEPER,4,NAIVE_BAYES,NO_SELECTION,SMOTE,SENSITIVE_THRESHOLD,83.890,0.909,0.601,0.784,0.616,0.505
BOOKKEEPER,4,IBK,NO_SELECTION,SMOTE,SENSITIVE_THRESHOLD,100.000,1.000,1.000,1.000,1.000,0.903
BOOKKEEPER,5,RANDOM_FOREST,NO_SELECTION,SMOTE,SENSITIVE_THRESHOLD,99.123,1.000,0.974,0.987,0.980,0.880
BOOKKEEPER,5,NAIVE_BAYES,NO_SELECTION,SMOTE,SENSITIVE_THRESHOLD,84.927,0.901,0.630,0.797,0.640,0.532
BOOKKEEPER,5,IBK,NO_SELECTION,SMOTE,SENSITIVE_THRESHOLD,100.000,1.000,1.000,1.000,1.000,0.905
BOOKKEEPER,1,RANDOM_FOREST,NO_SELECTION,SMOTE,SENSITIVE_LEARNING,95.356,1.000,0.865,1.000,0.894,0.895
BOOKKEEPER,1,NAIVE_BAYES,NO_SELECTION,SMOTE,SENSITIVE_LEARNING,80.946,0.864,0.530,0.954,0.535,0.460
BOOKKEEPER,1,IBK,NO_SELECTION,SMOTE,SENSITIVE_LEARNING,100.000,1.000,1.000,1.000,1.000,0.901
BOOKKEEPER,2,RANDOM_FOREST,NO_SELECTION,SMOTE,SENSITIVE_LEARNING,96.791,1.000,0.907,1.000,0.927,0.900
BOOKKEEPER,2,NAIVE_BAYES,NO_SELECTION,SMOTE,SENSITIVE_LEARNING,81.526,0.874,0.542,0.955,0.550,0.479
BOOKKEEPER,2,IBK,NO_SELECTION,SMOTE,SENSITIVE_LEARNING,100.000,1.000,1.000,1.000,1.000,0.901
BOOKKEEPER,3,RANDOM_FOREST,NO_SELECTION,SMOTE,SENSITIVE_LEARNING,99.443,1.000,0.984,1.000,0.988,0.900
BOOKKEEPER,3,NAIVE_BAYES,NO_SELECTION,SMOTE,SENSITIVE_LEARNING,83.791,0.888,0.599,0.952,0.608,0.550
BOOKKEEPER,3,IBK,NO_SELECTION,SMOTE,SENSITIVE_LEARNING,100.000,1.000,1.000,1.000,1.000,0.903
BOOKKEEPER,4,RANDOM_FOREST,NO_SELECTION,SMOTE,SENSITIVE_LEARNING,98.929,1.000,0.969,1.000,0.976,0.902
BOOKKEEPER,4,NAIVE_BAYES,NO_SELECTION,SMOTE,SENSITIVE_LEARNING,83.548,0.893,0.603,0.961,0.610,0.572
BOOKKEEPER,4,IBK,NO_SELECTION,SMOTE,SENSITIVE_LEARNING,100.000,1.000,1.000,1.000,1.000,0.903
BOOKKEEPER,5,RANDOM_FOREST,NO_SELECTION,SMOTE,SENSITIVE_LEARNING,98.914,1.000,0.968,1.000,0.976,0.903
BOOKKEEPER,5,NAIVE_BAYES,NO_SELECTION,SMOTE,SENSITIVE_LEARNING,84.635,0.890,0.630,0.960,0.634,0.597
BOOKKEEPER,5,IBK,NO_SELECTION,SMOTE,SENSITIVE_LEARNING,100.000,1.000,1.000,1.000,1.000,0.905
BOOKKEEPER,1,RANDOM_FOREST,BEST_FIRST,NO_SAMPLING,NO_COST_SENSITIVE,100.000,1.000,1.000,1.000,1.000,0.598
BOOKKEEPER,1,NAIVE_BAYES,BEST_FIRST,NO_SAMPLING,NO_COST_SENSITIVE,98.524,0.969,0.989,0.993,0.967,0.604
BOOKKEEPER,1,IBK,BEST_FIRST,NO_SAMPLING,NO_COST_SENSITIVE,100.000,1.000,1.000,1.000,1.000,0.621
BOOKKEEPER,2,RANDOM_FOREST,BEST_FIRST,NO_SAMPLING,NO_COST_SENSITIVE,100.000,1.000,1.000,1.000,1.000,0.614
BOOKKEEPER,2,NAIVE_BAYES,BEST_FIRST,NO_SAMPLING,NO_COST_SENSITIVE,87.337,0.955,0.664,0.992,0.698,0.600
BOOKKEEPER,2,IBK,BEST_FIRST,NO_SAMPLING,NO_COST_SENSITIVE,100.000,1.000,1.000,1.000,1.000,0.619
BOOKKEEPER,3,RANDOM_FOREST,BEST_FIRST,NO_SAMPLING,NO_COST_SENSITIVE,100.000,1.000,1.000,1.000,1.000,0.605
BOOKKEEPER,3,NAIVE_BAYES,BEST_FIRST,NO_SAMPLING,NO_COST_SENSITIVE,87.736,0.918,0.703,0.986,0.711,0.595
BOOKKEEPER,3,IBK,BEST_FIRST,NO_SAMPLING,NO_COST_SENSITIVE,100.000,1.000,1.000,1.000,1.000,0.608
BOOKKEEPER,4,RANDOM_FOREST,BEST_FIRST,NO_SAMPLING,NO_COST_SENSITIVE,100.000,1.000,1.000,1.000,1.000,0.612
BOOKKEEPER,4,NAIVE_BAYES,BEST_FIRST,NO_SAMPLING,NO_COST_SENSITIVE,87.147,0.953,0.667,0.993,0.697,0.601
BOOKKEEPER,4,IBK,BEST_FIRST,NO_SAMPLING,NO_COST_SENSITIVE,100.000,1.000,1.000,1.000,1.000,0.614
BOOKKEEPER,5,RANDOM_FOREST,BEST_FIRST,NO_SAMPLING,NO_COST_SENSITIVE,100.000,1.000,1.000,1.000,1.000,0.603
BOOKKEEPER,5,NAIVE_BAYES,BEST_FIRST,NO_SAMPLING,NO_COST_SENSITIVE,88.559,0.963,0.693,0.995,0.728,0.592
BOOKKEEPER,5,IBK,BEST_FIRST,NO_SAMPLING,NO_COST_SENSITIVE,100.000,1.000,1.000,1.000,1.000,0.604
BOOKKEEPER,1,NAIVE_BAYES,BEST_FIRST,NO_SAMPLING,SENSITIVE_THRESHOLD,86.328,0.953,0.634,0.809,0.671,0.272
BOOKKEEPER,1,IBK,BEST_FIRST,NO_SAMPLING,SENSITIVE_THRESHOLD,100.000,1.000,1.000,1.000,1.000,0.621
BOOKKEEPER,2,RANDOM_FOREST,BEST_FIRST,NO_SAMPLING,SENSITIVE_THRESHOLD,96.227,1.000,0.890,0.945,0.914,0.569
BOOKKEEPER,2,NAIVE_BAYES,BEST_FIRST,NO_SAMPLING,SENSITIVE_THRESHOLD,82.654,0.946,0.526,0.755,0.571,0.180
BOOKKEEPER,2,IBK,BEST_FIRST,NO_SAMPLING,SENSITIVE_THRESHOLD,100.000,1.000,1.000,1.000,1.000,0.619
BOOKKEEPER,3,RANDOM_FOREST,BEST_FIRST,NO_SAMPLING,SENSITIVE_THRESHOLD,99.957,1.000,0.999,0.999,0.999,0.608
BOOKKEEPER,3,NAIVE_BAYES,BEST_FIRST,NO_SAMPLING,SENSITIVE_THRESHOLD,84.520,0.929,0.591,0.784,0.622,0.230
BOOKKEEPER,3,IBK,BEST_FIRST,NO_SAMPLING,SENSITIVE_THRESHOLD,100.000,1.000,1.000,1.000,1.000,0.608
BOOKKEEPER,4,RANDOM_FOREST,BEST_FIRST,NO_SAMPLING,SENSITIVE_THRESHOLD,98.929,1.000,0.969,0.985,0.976,0.590
BOOKKEEPER,4,NAIVE_BAYES,BEST_FIRST,NO_SAMPLING,SENSITIVE_THRESHOLD,87.404,0.963,0.667,0.826,0.702,0.300
BOOKKEEPER,4,IBK,BEST_FIRST,NO_SAMPLING,SENSITIVE_THRESHOLD,100.000,1.000,1.000,1.000,1.000,0.614
BOOKKEEPER,5,RANDOM_FOREST,BEST_FIRST,NO_SAMPLING,SENSITIVE_THRESHOLD,98.998,1.000,0.971,0.985,0.978,0.584
BOOKKEEPER,5,NAIVE_BAYES,BEST_FIRST,NO_SAMPLING,SENSITIVE_THRESHOLD,88.142,0.965,0.679,0.833,0.717,0.304
BOOKKEEPER,5,IBK,BEST_FIRST,NO_SAMPLING,SENSITIVE_THRESHOLD,100.000,1.000,1.000,1.000,1.000,0.604
BOOKKEEPER,1,NAIVE_BAYES,BEST_FIRST,NO_SAMPLING,SENSITIVE_LEARNING,86.328,0.953,0.634,0.993,0.671,0.602
BOOKKEEPER,1,IBK,BEST_FIRST,NO_SAMPLING,SENSITIVE_LEARNING,100.000,1.000,1.000,1.000,1.000,0.621
BOOKKEEPER,2,NAIVE_BAYES,BEST_FIRST,NO_SAMPLING,SENSITIVE_LEARNING,82.654,0.946,0.526,0.992,0.571,0.285
BOOKKEEPER,2,IBK,BEST_FIRST,NO_SAMPLING,SENSITIVE_LEARNING,100.000,1.000,1.000,1.000,1.000,0.619
BOOKKEEPER,3,RANDOM_FOREST,BEST_FIRST,NO_SAMPLING,SENSITIVE_LEARNING,78.002,1.000,0.354,1.000,0.419,0.607
BOOKKEEPER,3,NAIVE_BAYES,BEST_FIRST,NO_SAMPLING,SENSITIVE_LEARNING,83.919,0.904,0.591,0.986,0.609,0.311
BOOKKEEPER,3,IBK,BEST_FIRST,NO_SAMPLING,SENSITIVE_LEARNING,100.000,1.000,1.000,1.000,1.000,0.608
BOOKKEEPER,4,RANDOM_FOREST,BEST_FIRST,NO_SAMPLING,SENSITIVE_LEARNING,86.332,1.000,0.611,1.000,0.670,0.606
BOOKKEEPER,4,NAIVE_BAYES,BEST_FIRST,NO_SAMPLING,SENSITIVE_LEARNING,86.847,0.954,0.657,0.989,0.689,0.299
BOOKKEEPER,4,IBK,BEST_FIRST,NO_SAMPLING,SENSITIVE_LEARNING,100.000,1.000,1.000,1.000,1.000,0.614
BOOKKEEPER,5,RANDOM_FOREST,BEST_FIRST,NO_SAMPLING,SENSITIVE_LEARNING,96.326,1.000,0.893,1.000,0.916,0.596
BOOKKEEPER,5,NAIVE_BAYES,BEST_FIRST,NO_SAMPLING,SENSITIVE_LEARNING,88.100,0.964,0.679,0.979,0.716,0.312
BOOKKEEPER,5,IBK,BEST_FIRST,NO_SAMPLING,SENSITIVE_LEARNING,100.000,1.000,1.000,1.000,1.000,0.604
BOOKKEEPER,1,RANDOM_FOREST,BEST_FIRST,OVERSAMPLING,NO_COST_SENSITIVE,94.271,0.857,1.000,0.999,0.878,0.592
BOOKKEEPER,1,NAIVE_BAYES,BEST_FIRST,OVERSAMPLING,NO_COST_SENSITIVE,98.047,0.947,0.999,0.991,0.957,0.605
BOOKKEEPER,1,IBK,BEST_FIRST,OVERSAMPLING,NO_COST_SENSITIVE,98.568,0.967,0.992,0.998,0.968,0.611
BOOKKEEPER,2,RANDOM_FOREST,BEST_FIRST,OVERSAMPLING,NO_COST_SENSITIVE,96.271,0.902,1.000,1.000,0.919,0.596
BOOKKEEPER,2,NAIVE_BAYES,BEST_FIRST,OVERSAMPLING,NO_COST_SENSITIVE,87.337,0.953,0.665,0.985,0.698,0.598
BOOKKEEPER,2,IBK,BEST_FIRST,OVERSAMPLING,NO_COST_SENSITIVE,99.653,0.991,0.999,1.000,0.992,0.614
BOOKKEEPER,3,RANDOM_FOREST,BEST_FIRST,OVERSAMPLING,NO_COST_SENSITIVE,97.341,0.928,1.000,1.000,0.942,0.588
BOOKKEEPER,3,NAIVE_BAYES,BEST_FIRST,OVERSAMPLING,NO_COST_SENSITIVE,86.063,0.905,0.660,0.983,0.668,0.588
BOOKKEEPER,3,IBK,BEST_FIRST,OVERSAMPLING,NO_COST_SENSITIVE,99.614,0.989,1.000,1.000,0.991,0.605
BOOKKEEPER,4,RANDOM_FOREST,BEST_FIRST,OVERSAMPLING,NO_COST_SENSITIVE,98.286,0.954,0.999,1.000,0.963,0.598
BOOKKEEPER,4,NAIVE_BAYES,BEST_FIRST,OVERSAMPLING,NO_COST_SENSITIVE,88.175,0.939,0.709,0.989,0.725,0.599
BOOKKEEPER,4,IBK,BEST_FIRST,OVERSAMPLING,NO_COST_SENSITIVE,99.443,0.986,0.999,1.000,0.988,0.610
BOOKKEEPER,5,RANDOM_FOREST,BEST_FIRST,OVERSAMPLING,NO_COST_SENSITIVE,99.081,0.976,0.998,1.000,0.980,0.593
BOOKKEEPER,5,NAIVE_BAYES,BEST_FIRST,OVERSAMPLING,NO_COST_SENSITIVE,90.605,0.904,0.813,0.987,0.786,0.591
BOOKKEEPER,5,IBK,BEST_FIRST,OVERSAMPLING,NO_COST_SENSITIVE,99.749,0.995,0.998,0.998,0.994,0.602
BOOKKEEPER,1,RANDOM_FOREST,BEST_FIRST,OVERSAMPLING,SENSITIVE_THRESHOLD,74.523,1.000,0.260,0.630,0.315,0.248
BOOKKEEPER,1,NAIVE_BAYES,BEST_FIRST,OVERSAMPLING,SENSITIVE_THRESHOLD,92.665,0.963,0.818,0.901,0.832,0.446
BOOKKEEPER,1,IBK,BEST_FIRST,OVERSAMPLING,SENSITIVE_THRESHOLD,99.132,0.991,0.984,0.989,0.981,0.606
BOOKKEEPER,2,RANDOM_FOREST,BEST_FIRST,OVERSAMPLING,SENSITIVE_THRESHOLD,86.167,1.000,0.598,0.799,0.661,0.419
BOOKKEEPER,2,NAIVE_BAYES,BEST_FIRST,OVERSAMPLING,SENSITIVE_THRESHOLD,82.741,0.948,0.528,0.756,0.573,0.181
BOOKKEEPER,2,IBK,BEST_FIRST,OVERSAMPLING,SENSITIVE_THRESHOLD,99.740,1.000,0.992,0.996,0.994,0.615
BOOKKEEPER,3,RANDOM_FOREST,BEST_FIRST,OVERSAMPLING,SENSITIVE_THRESHOLD,92.925,1.000,0.792,0.896,0.834,0.509
BOOKKEEPER,3,NAIVE_BAYES,BEST_FIRST,OVERSAMPLING,SENSITIVE_THRESHOLD,84.949,0.908,0.621,0.794,0.637,0.249
BOOKKEEPER,3,IBK,BEST_FIRST,OVERSAMPLING,SENSITIVE_THRESHOLD,99.957,0.999,1.000,1.000,0.999,0.608
BOOKKEEPER,4,RANDOM_FOREST,BEST_FIRST,OVERSAMPLING,SENSITIVE_THRESHOLD,96.144,1.000,0.890,0.945,0.913,0.552
BOOKKEEPER,4,NAIVE_BAYES,BEST_FIRST,OVERSAMPLING,SENSITIVE_THRESHOLD,86.932,0.952,0.661,0.821,0.691,0.294
BOOKKEEPER,4,IBK,BEST_FIRST,OVERSAMPLING,SENSITIVE_THRESHOLD,99.272,1.000,0.979,0.990,0.984,0.595
BOOKKEEPER,5,RANDOM_FOREST,BEST_FIRST,OVERSAMPLING,SENSITIVE_THRESHOLD,97.829,0.999,0.938,0.969,0.951,0.571
BOOKKEEPER,5,NAIVE_BAYES,BEST_FIRST,OVERSAMPLING,SENSITIVE_THRESHOLD,88.601,0.988,0.676,0.836,0.727,0.306
BOOKKEEPER,5,IBK,BEST_FIRST,OVERSAMPLING,SENSITIVE_THRESHOLD,99.708,0.998,0.994,0.996,0.994,0.600
BOOKKEEPER,1,RANDOM_FOREST,BEST_FIRST,OVERSAMPLING,SENSITIVE_LEARNING,68.403,1.000,0.082,0.999,0.105,0.591
BOOKKEEPER,1,NAIVE_BAYES,BEST_FIRST,OVERSAMPLING,SENSITIVE_LEARNING,98.524,0.969,0.989,0.991,0.967,0.607
BOOKKEEPER,1,IBK,BEST_FIRST,OVERSAMPLING,SENSITIVE_LEARNING,99.132,0.991,0.984,0.998,0.981,0.606
BOOKKEEPER,2,RANDOM_FOREST,BEST_FIRST,OVERSAMPLING,SENSITIVE_LEARNING,77.754,1.000,0.354,1.000,0.418,0.596
BOOKKEEPER,2,NAIVE_BAYES,BEST_FIRST,OVERSAMPLING,SENSITIVE_LEARNING,82.654,0.946,0.526,0.982,0.571,0.287
BOOKKEEPER,2,IBK,BEST_FIRST,OVERSAMPLING,SENSITIVE_LEARNING,99.740,1.000,0.992,1.000,0.994,0.614
BOOKKEEPER,3,RANDOM_FOREST,BEST_FIRST,OVERSAMPLING,SENSITIVE_LEARNING,87.307,1.000,0.627,1.000,0.689,0.594
BOOKKEEPER,3,NAIVE_BAYES,BEST_FIRST,OVERSAMPLING,SENSITIVE_LEARNING,84.863,0.908,0.618,0.982,0.635,0.275
BOOKKEEPER,3,IBK,BEST_FIRST,OVERSAMPLING,SENSITIVE_LEARNING,99.957,0.999,1.000,1.000,0.999,0.608
BOOKKEEPER,4,RANDOM_FOREST,BEST_FIRST,OVERSAMPLING,SENSITIVE_LEARNING,89.760,1.000,0.708,1.000,0.759,0.597
BOOKKEEPER,4,NAIVE_BAYES,BEST_FIRST,OVERSAMPLING,SENSITIVE_LEARNING,87.104,0.953,0.665,0.988,0.696,0.356
BOOKKEEPER,4,IBK,BEST_FIRST,OVERSAMPLING,SENSITIVE_LEARNING,99.272,1.000,0.979,1.000,0.984,0.611
BOOKKEEPER,5,RANDOM_FOREST,BEST_FIRST,OVERSAMPLING,SENSITIVE_LEARNING,93.987,1.000,0.825,1.000,0.861,0.587
BOOKKEEPER,5,NAIVE_BAYES,BEST_FIRST,OVERSAMPLING,SENSITIVE_LEARNING,88.518,0.982,0.678,0.980,0.725,0.520
BOOKKEEPER,5,IBK,BEST_FIRST,OVERSAMPLING,SENSITIVE_LEARNING,99.708,0.998,0.994,0.998,0.994,0.602
BOOKKEEPER,1,RANDOM_FOREST,BEST_FIRST,UNDERSAMPLING,NO_COST_SENSITIVE,95.139,0.876,1.000,1.000,0.896,0.592
BOOKKEEPER,1,NAIVE_BAYES,BEST_FIRST,UNDERSAMPLING,NO_COST_SENSITIVE,98.872,0.968,1.000,0.993,0.975,0.599
BOOKKEEPER,1,IBK,BEST_FIRST,UNDERSAMPLING,NO_COST_SENSITIVE,99.392,0.983,1.000,0.998,0.987,0.615
BOOKKEEPER,2,RANDOM_FOREST,BEST_FIRST,UNDERSAMPLING,NO_COST_SENSITIVE,97.441,0.931,1.000,1.000,0.944,0.594
BOOKKEEPER,2,NAIVE_BAYES,BEST_FIRST,UNDERSAMPLING,NO_COST_SENSITIVE,87.294,0.953,0.664,0.989,0.697,0.597
BOOKKEEPER,2,IBK,BEST_FIRST,UNDERSAMPLING,NO_COST_SENSITIVE,99.740,0.993,1.000,1.000,0.994,0.615
BOOKKEEPER,3,RANDOM_FOREST,BEST_FIRST,UNDERSAMPLING,NO_COST_SENSITIVE,98.413,0.955,1.000,1.000,0.965,0.589
BOOKKEEPER,3,NAIVE_BAYES,BEST_FIRST,UNDERSAMPLING,NO_COST_SENSITIVE,87.736,0.918,0.703,0.984,0.711,0.586
BOOKKEEPER,3,IBK,BEST_FIRST,UNDERSAMPLING,NO_COST_SENSITIVE,99.914,0.997,1.000,1.000,0.998,0.607
BOOKKEEPER,4,RANDOM_FOREST,BEST_FIRST,UNDERSAMPLING,NO_COST_SENSITIVE,99.229,0.978,1.000,1.000,0.983,0.601
BOOKKEEPER,4,NAIVE_BAYES,BEST_FIRST,UNDERSAMPLING,NO_COST_SENSITIVE,86.590,0.932,0.667,0.988,0.685,0.601
BOOKKEEPER,4,IBK,BEST_FIRST,UNDERSAMPLING,NO_COST_SENSITIVE,99.743,0.993,1.000,1.000,0.994,0.611
BOOKKEEPER,5,RANDOM_FOREST,BEST_FIRST,UNDERSAMPLING,NO_COST_SENSITIVE,99.499,0.986,1.000,1.000,0.989,0.596
BOOKKEEPER,5,NAIVE_BAYES,BEST_FIRST,UNDERSAMPLING,NO_COST_SENSITIVE,87.432,0.921,0.693,0.988,0.704,0.592
BOOKKEEPER,5,IBK,BEST_FIRST,UNDERSAMPLING,NO_COST_SENSITIVE,99.875,0.996,1.000,0.999,0.997,0.603
BOOKKEEPER,1,RANDOM_FOREST,BEST_FIRST,UNDERSAMPLING,SENSITIVE_THRESHOLD,65.799,1.000,0.006,0.503,0.008,0.587
BOOKKEEPER,1,NAIVE_BAYES,BEST_FIRST,UNDERSAMPLING,SENSITIVE_THRESHOLD,98.524,0.969,0.989,0.986,0.967,0.603
BOOKKEEPER,1,IBK,BEST_FIRST,UNDERSAMPLING,SENSITIVE_THRESHOLD,99.826,0.995,1.000,0.999,0.996,0.620
BOOKKEEPER,2,RANDOM_FOREST,BEST_FIRST,UNDERSAMPLING,SENSITIVE_THRESHOLD,99.870,1.000,0.996,0.998,0.997,0.617
BOOKKEEPER,2,NAIVE_BAYES,BEST_FIRST,UNDERSAMPLING,SENSITIVE_THRESHOLD,82.654,0.946,0.526,0.755,0.571,0.180
BOOKKEEPER,2,IBK,BEST_FIRST,UNDERSAMPLING,SENSITIVE_THRESHOLD,100.000,1.000,1.000,1.000,1.000,0.619
BOOKKEEPER,3,RANDOM_FOREST,BEST_FIRST,UNDERSAMPLING,SENSITIVE_THRESHOLD,100.000,1.000,1.000,1.000,1.000,0.608
BOOKKEEPER,3,NAIVE_BAYES,BEST_FIRST,UNDERSAMPLING,SENSITIVE_THRESHOLD,84.091,0.911,0.591,0.780,0.613,0.226
BOOKKEEPER,3,IBK,BEST_FIRST,UNDERSAMPLING,SENSITIVE_THRESHOLD,99.957,0.999,1.000,1.000,0.999,0.608
BOOKKEEPER,4,RANDOM_FOREST,BEST_FIRST,UNDERSAMPLING,SENSITIVE_THRESHOLD,98.972,1.000,0.971,0.985,0.977,0.591
BOOKKEEPER,4,NAIVE_BAYES,BEST_FIRST,UNDERSAMPLING,SENSITIVE_THRESHOLD,87.147,0.953,0.667,0.824,0.697,0.299
BOOKKEEPER,4,IBK,BEST_FIRST,UNDERSAMPLING,SENSITIVE_THRESHOLD,99.871,0.996,1.000,0.999,0.997,0.612
BOOKKEEPER,5,RANDOM_FOREST,BEST_FIRST,UNDERSAMPLING,SENSITIVE_THRESHOLD,99.207,1.000,0.977,0.988,0.982,0.589
BOOKKEEPER,5,NAIVE_BAYES,BEST_FIRST,UNDERSAMPLING,SENSITIVE_THRESHOLD,88.100,0.964,0.679,0.833,0.716,0.304
BOOKKEEPER,5,IBK,BEST_FIRST,UNDERSAMPLING,SENSITIVE_THRESHOLD,99.916,0.998,1.000,0.999,0.998,0.604
BOOKKEEPER,1,NAIVE_BAYES,BEST_FIRST,UNDERSAMPLING,SENSITIVE_LEARNING,98.524,0.969,0.989,0.993,0.967,0.602
BOOKKEEPER,1,IBK,BEST_FIRST,UNDERSAMPLING,SENSITIVE_LEARNING,99.826,0.995,1.000,0.998,0.996,0.620
BOOKKEEPER,2,RANDOM_FOREST,BEST_FIRST,UNDERSAMPLING,SENSITIVE_LEARNING,71.683,1.000,0.178,1.000,0.221,0.610
BOOKKEEPER,2,NAIVE_BAYES,BEST_FIRST,UNDERSAMPLING,SENSITIVE_LEARNING,82.654,0.946,0.526,0.980,0.571,0.287
BOOKKEEPER,2,IBK,BEST_FIRST,UNDERSAMPLING,SENSITIVE_LEARNING,100.000,1.000,1.000,1.000,1.000,0.619
BOOKKEEPER,3,RANDOM_FOREST,BEST_FIRST,UNDERSAMPLING,SENSITIVE_LEARNING,91.981,1.000,0.764,1.000,0.811,0.603
BOOKKEEPER,3,NAIVE_BAYES,BEST_FIRST,UNDERSAMPLING,SENSITIVE_LEARNING,83.919,0.904,0.591,0.979,0.609,0.311
BOOKKEEPER,3,IBK,BEST_FIRST,UNDERSAMPLING,SENSITIVE_LEARNING,99.957,0.999,1.000,1.000,0.999,0.608
BOOKKEEPER,4,RANDOM_FOREST,BEST_FIRST,UNDERSAMPLING,SENSITIVE_LEARNING,98.800,1.000,0.966,1.000,0.973,0.604
BOOKKEEPER,4,NAIVE_BAYES,BEST_FIRST,UNDERSAMPLING,SENSITIVE_LEARNING,87.018,0.948,0.667,0.988,0.694,0.297
BOOKKEEPER,4,IBK,BEST_FIRST,UNDERSAMPLING,SENSITIVE_LEARNING,99.871,0.996,1.000,1.000,0.997,0.612
BOOKKEEPER,5,RANDOM_FOREST,BEST_FIRST,UNDERSAMPLING,SENSITIVE_LEARNING,98.914,1.000,0.968,1.000,0.976,0.594
BOOKKEEPER,5,NAIVE_BAYES,BEST_FIRST,UNDERSAMPLING,SENSITIVE_LEARNING,88.100,0.964,0.679,0.979,0.716,0.541
BOOKKEEPER,5,IBK,BEST_FIRST,UNDERSAMPLING,SENSITIVE_LEARNING,99.916,0.998,1.000,0.999,0.998,0.604
BOOKKEEPER,1,RANDOM_FOREST,BEST_FIRST,SMOTE,NO_COST_SENSITIVE,100.000,1.000,1.000,1.000,1.000,0.594
BOOKKEEPER,1,NAIVE_BAYES,BEST_FIRST,SMOTE,NO_COST_SENSITIVE,98.003,0.946,0.999,0.992,0.956,0.598
BOOKKEEPER,1,IBK,BEST_FIRST,SMOTE,NO_COST_SENSITIVE,100.000,1.000,1.000,1.000,1.000,0.621
BOOKKEEPER,2,RANDOM_FOREST,BEST_FIRST,SMOTE,NO_COST_SENSITIVE,100.000,1.000,1.000,1.000,1.000,0.610
BOOKKEEPER,2,NAIVE_BAYES,BEST_FIRST,SMOTE,NO_COST_SENSITIVE,86.470,0.920,0.665,0.987,0.679,0.595
BOOKKEEPER,2,IBK,BEST_FIRST,SMOTE,NO_COST_SENSITIVE,100.000,1.000,1.000,1.000,1.000,0.619
BOOKKEEPER,3,RANDOM_FOREST,BEST_FIRST,SMOTE,NO_COST_SENSITIVE,100.000,1.000,1.000,1.000,1.000,0.605
BOOKKEEPER,3,NAIVE_BAYES,BEST_FIRST,SMOTE,NO_COST_SENSITIVE,87.779,0.918,0.704,0.982,0.712,0.590
BOOKKEEPER,3,IBK,BEST_FIRST,SMOTE,NO_COST_SENSITIVE,100.000,1.000,1.000,1.000,1.000,0.608
BOOKKEEPER,4,RANDOM_FOREST,BEST_FIRST,SMOTE,NO_COST_SENSITIVE,100.000,1.000,1.000,1.000,1.000,0.612
BOOKKEEPER,4,NAIVE_BAYES,BEST_FIRST,SMOTE,NO_COST_SENSITIVE,88.218,0.926,0.722,0.989,0.728,0.601
BOOKKEEPER,4,IBK,BEST_FIRST,SMOTE,NO_COST_SENSITIVE,100.000,1.000,1.000,1.000,1.000,0.614
BOOKKEEPER,5,RANDOM_FOREST,BEST_FIRST,SMOTE,NO_COST_SENSITIVE,100.000,1.000,1.000,1.000,1.000,0.603
BOOKKEEPER,5,NAIVE_BAYES,BEST_FIRST,SMOTE,NO_COST_SENSITIVE,90.647,0.963,0.757,0.982,0.781,0.592
BOOKKEEPER,5,IBK,BEST_FIRST,SMOTE,NO_COST_SENSITIVE,100.000,1.000,1.000,1.000,1.000,0.604
BOOKKEEPER,1,RANDOM_FOREST,BEST_FIRST,SMOTE,SENSITIVE_THRESHOLD,67.925,1.000,0.068,0.534,0.087,0.542
BOOKKEEPER,1,NAIVE_BAYES,BEST_FIRST,SMOTE,SENSITIVE_THRESHOLD,86.415,0.953,0.637,0.810,0.673,0.273
BOOKKEEPER,1,IBK,BEST_FIRST,SMOTE,SENSITIVE_THRESHOLD,100.000,1.000,1.000,1.000,1.000,0.621
BOOKKEEPER,2,RANDOM_FOREST,BEST_FIRST,SMOTE,SENSITIVE_THRESHOLD,99.740,1.000,0.992,0.996,0.994,0.614
BOOKKEEPER,2,NAIVE_BAYES,BEST_FIRST,SMOTE,SENSITIVE_THRESHOLD,84.519,0.949,0.582,0.783,0.622,0.224
BOOKKEEPER,2,IBK,BEST_FIRST,SMOTE,SENSITIVE_THRESHOLD,100.000,1.000,1.000,1.000,1.000,0.619
BOOKKEEPER,3,RANDOM_FOREST,BEST_FIRST,SMOTE,SENSITIVE_THRESHOLD,100.000,1.000,1.000,1.000,1.000,0.608
BOOKKEEPER,3,NAIVE_BAYES,BEST_FIRST,SMOTE,SENSITIVE_THRESHOLD,86.021,0.912,0.652,0.810,0.666,0.275
BOOKKEEPER,3,IBK,BEST_FIRST,SMOTE,SENSITIVE_THRESHOLD,100.000,1.000,1.000,1.000,1.000,0.608
BOOKKEEPER,4,RANDOM_FOREST,BEST_FIRST,SMOTE,SENSITIVE_THRESHOLD,99.015,1.000,0.972,0.986,0.978,0.591
BOOKKEEPER,4,NAIVE_BAYES,BEST_FIRST,SMOTE,SENSITIVE_THRESHOLD,87.489,0.963,0.669,0.828,0.705,0.301
BOOKKEEPER,4,IBK,BEST_FIRST,SMOTE,SENSITIVE_THRESHOLD,100.000,1.000,1.000,1.000,1.000,0.614
BOOKKEEPER,5,RANDOM_FOREST,BEST_FIRST,SMOTE,SENSITIVE_THRESHOLD,99.290,1.000,0.979,0.990,0.984,0.590
BOOKKEEPER,5,NAIVE_BAYES,BEST_FIRST,SMOTE,SENSITIVE_THRESHOLD,88.309,0.962,0.686,0.836,0.722,0.310
BOOKKEEPER,5,IBK,BEST_FIRST,SMOTE,SENSITIVE_THRESHOLD,100.000,1.000,1.000,1.000,1.000,0.604
BOOKKEEPER,1,RANDOM_FOREST,BEST_FIRST,SMOTE,SENSITIVE_LEARNING,66.840,1.000,0.037,1.000,0.047,0.609
BOOKKEEPER,1,NAIVE_BAYES,BEST_FIRST,SMOTE,SENSITIVE_LEARNING,86.415,0.953,0.637,0.992,0.673,0.610
BOOKKEEPER,1,IBK,BEST_FIRST,SMOTE,SENSITIVE_LEARNING,100.000,1.000,1.000,1.000,1.000,0.621
BOOKKEEPER,2,RANDOM_FOREST,BEST_FIRST,SMOTE,SENSITIVE_LEARNING,77.320,1.000,0.341,1.000,0.405,0.612
BOOKKEEPER,2,NAIVE_BAYES,BEST_FIRST,SMOTE,SENSITIVE_LEARNING,84.519,0.949,0.582,0.987,0.622,0.609
BOOKKEEPER,2,IBK,BEST_FIRST,SMOTE,SENSITIVE_LEARNING,100.000,1.000,1.000,1.000,1.000,0.619
BOOKKEEPER,3,RANDOM_FOREST,BEST_FIRST,SMOTE,SENSITIVE_LEARNING,95.497,1.000,0.868,1.000,0.896,0.603
BOOKKEEPER,3,NAIVE_BAYES,BEST_FIRST,SMOTE,SENSITIVE_LEARNING,86.021,0.912,0.652,0.982,0.666,0.319
BOOKKEEPER,3,IBK,BEST_FIRST,SMOTE,SENSITIVE_LEARNING,100.000,1.000,1.000,1.000,1.000,0.608
BOOKKEEPER,4,RANDOM_FOREST,BEST_FIRST,SMOTE,SENSITIVE_LEARNING,98.929,1.000,0.969,1.000,0.976,0.605
BOOKKEEPER,4,NAIVE_BAYES,BEST_FIRST,SMOTE,SENSITIVE_LEARNING,87.232,0.953,0.669,0.989,0.699,0.341
BOOKKEEPER,4,IBK,BEST_FIRST,SMOTE,SENSITIVE_LEARNING,100.000,1.000,1.000,1.000,1.000,0.614
BOOKKEEPER,5,RANDOM_FOREST,BEST_FIRST,SMOTE,SENSITIVE_LEARNING,99.040,1.000,0.972,1.000,0.979,0.597
BOOKKEEPER,5,NAIVE_BAYES,BEST_FIRST,SMOTE,SENSITIVE_LEARNING,88.351,0.963,0.687,0.982,0.723,0.369
BOOKKEEPER,5,IBK,BEST_FIRST,SMOTE,SENSITIVE_LEARNING,100.000,1.000,1.000,1.000,1.000,0.604
